,Gender,Married,Dependents,Education,Self_Employed,ApplicantIncome,CoapplicantIncome,LoanAmount,Loan_Amount_Term,Credit_History,Property_Area
0,0.0,0.0,0.0,1,0.0,0.07293135984867923,-0.5540356092387769,0.0,0.27962255901519123,1.0,0
1,0.0,1.0,1.0,1,0.0,-0.13430245319192854,-0.03869999526291909,-0.2190946808579731,0.27962255901519123,1.0,1
2,0.0,1.0,0.0,1,1.0,-0.3934265653904136,-0.5540356092387769,-0.9568608428956836,0.27962255901519123,1.0,0
3,0.0,1.0,0.0,0,0.0,-0.4616860440933626,0.2517743229595472,-0.3142903146692906,0.27962255901519123,1.0,0
4,0.0,0.0,0.0,1,0.0,0.09764882096173749,-0.5540356092387769,-0.06440177591458218,0.27962255901519123,1.0,0
5,0.0,1.0,2.0,1,1.0,0.002216504213969467,0.8798823193041272,1.4349294566136683,0.27962255901519123,1.0,0
6,0.0,1.0,0.0,0,0.0,-0.5026089929560419,-0.035966119326707645,-0.6117766703296578,0.27962255901519123,1.0,0
7,0.0,1.0,3.0,1,0.0,-0.38753366075418777,0.30166755879540613,0.1378889459344675,0.27962255901519123,0.0,2
8,0.0,1.0,2.0,1,0.0,-0.22875261916699227,-0.03254877440644333,0.25688348819861434,0.27962255901519123,1.0,0
9,0.0,1.0,1.0,1,0.0,1.2174643936400926,3.1941082993071177,2.4106847031796725,0.27962255901519123,1.0,2
10,0.0,1.0,2.0,1,0.0,-0.3606882063002702,-0.3148214648202753,-0.909263025990025,0.27962255901519123,1.0,0
11,0.0,1.0,2.0,1,1.0,-0.4752724631157721,0.07475585608985598,-0.44518431115985213,0.27962255901519123,1.0,0
12,0.0,1.0,2.0,1,0.0,-0.3814770643225113,2.216064183127472,0.6376660234438843,0.27962255901519123,1.0,0
13,0.0,0.0,0.0,1,0.0,-0.581181054772386,0.41649034811628693,-0.3856870400277787,0.27962255901519123,1.0,1
14,0.0,1.0,2.0,1,0.0,-0.6718663094520833,-0.18291195089807294,-1.5399340999900033,-3.448678227854025,1.0,0
15,0.0,0.0,0.0,1,0.0,-0.07422756426151539,-0.5540356092387769,-0.25479304353721716,0.27962255901519123,1.0,0
16,0.0,0.0,1.0,0,0.0,-0.29586625530178623,-0.5540356092387769,-0.5522793991975843,-1.584527834419417,1.0,0
17,1.0,0.0,0.0,1,0.0,-0.3099437497105479,-0.5540356092387769,-0.8378663006315368,0.27962255901519123,0.0,0
18,0.0,1.0,0.0,0,0.0,-0.08454014737491056,-0.5540356092387769,-0.15959740972589967,0.27962255901519123,1.0,1
19,0.0,1.0,0.0,1,1.0,-0.4589032835707004,0.6420351128537314,-0.373787585801364,0.0,1.0,0
20,0.0,1.0,0.0,0,0.0,0.36937720140992775,-0.5540356092387769,-0.5046815822919256,0.27962255901519123,0.0,0
21,0.0,1.0,1.0,1,0.0,0.09028269016645522,1.368220908409897,2.006103259481573,0.27962255901519123,1.0,0
22,0.0,1.0,0.0,0,0.0,-0.4589032835707004,0.09901900502373258,-0.3618881315749493,0.27962255901519123,0.0,2
23,1.0,1.0,2.0,0,0.0,-0.33367906005090187,0.10106941197589116,-0.4094859484806081,0.27962255901519123,0.0,1
24,0.0,1.0,1.0,1,1.0,-0.27605954805224947,0.44553777993853355,0.054592766349564684,0.27962255901519123,1.0,2
25,0.0,1.0,0.0,1,1.0,0.6803916127662901,-0.5540356092387769,0.5305709354061522,0.27962255901519123,1.0,2
26,0.0,1.0,0.0,1,0.0,-0.4263286162760077,0.21589220129677195,-0.29049140621646125,0.27962255901519123,1.0,2
27,0.0,1.0,2.0,0,0.0,-0.19274042416783452,-0.19863173753128877,-0.43328485693343743,0.27962255901519123,1.0,0
28,0.0,0.0,0.0,0,0.0,-0.6484583827026307,-0.5540356092387769,-1.325743923914539,0.27962255901519123,1.0,0
29,1.0,0.0,2.0,1,1.0,-0.2706577188023758,0.15779733765227869,-0.3142903146692906,0.27962255901519123,1.0,2
30,0.0,1.0,1.0,1,1.0,-0.20256193189487753,0.5972678943982689,0.649565477670299,0.27962255901519123,1.0,0
31,0.0,0.0,0.0,1,0.0,-0.36609003555014386,-0.5540356092387769,-0.8616652090843662,0.27962255901519123,1.0,0
32,0.0,0.0,1.0,1,1.0,-0.11646004748780038,-0.5540356092387769,-0.4808826738390962,0.27962255901519123,1.0,1
33,0.0,1.0,0.0,1,0.0,-0.3115806676650551,0.015635788969283426,-0.3856870400277787,0.27962255901519123,1.0,2
34,0.0,0.0,3.0,1,0.0,1.1616454913913983,0.47116786684051587,2.0656005306136467,0.27962255901519123,1.0,1
35,0.0,1.0,0.0,1,0.0,-0.5121031170921835,0.1523295857798558,0.0,0.27962255901519123,1.0,0
36,0.0,1.0,0.0,1,0.0,-0.585273349658654,-0.0995287348436238,-0.5522793991975843,0.0,0.0,0
37,1.0,1.0,0.0,1,0.0,-0.28424413782478536,-0.055444985372214206,-0.02870341323533812,0.27962255901519123,1.0,2
38,0.0,0.0,0.0,1,0.0,-0.20256193189487753,1.9098700782717901,0.4472747558212493,0.27962255901519123,1.0,0
39,0.0,0.0,0.0,0,0.0,-0.2709851023932773,0.01597752346130986,-0.43328485693343743,0.27962255901519123,1.0,2
40,0.0,0.0,0.0,1,0.0,-0.2952114881199834,-0.5540356092387769,-0.7902684837258781,0.27962255901519123,1.0,0
41,0.0,0.0,0.0,1,0.0,-0.589856719931274,-0.13951167041071622,-1.1829504731975626,0.27962255901519123,1.0,0
42,0.0,1.0,0.0,1,0.0,-0.4916416426608438,-0.5540356092387769,-0.8497657548579515,0.27962255901519123,1.0,0
43,0.0,1.0,0.0,1,0.0,-0.23939258587128887,0.24425616413496573,-0.14769795549948497,0.27962255901519123,1.0,2
44,0.0,1.0,0.0,0,1.0,-0.11596897210144823,-0.5540356092387769,-0.5998772161032431,0.0,1.0,0
45,1.0,0.0,0.0,1,0.0,-0.3263129292556196,-0.5540356092387769,-0.6950728499145605,0.0,1.0,0
46,0.0,1.0,1.0,1,0.0,0.04019300075853582,-0.5540356092387769,-1.2186488358768068,0.27962255901519123,1.0,0
47,0.0,1.0,0.0,1,0.0,0.06834798957605914,-0.5540356092387769,-0.02870341323533812,0.27962255901519123,1.0,0
48,1.0,1.0,0.0,1,0.0,-0.4515371527754181,0.6215310433321455,-0.3142903146692906,0.27962255901519123,0.0,0
49,1.0,0.0,0.0,1,0.0,-0.22973476993969655,0.22341036012135343,-0.02870341323533812,0.27962255901519123,1.0,2
50,1.0,1.0,0.0,0,0.0,-0.5689041701135823,0.007775895652675515,-0.5522793991975843,0.27962255901519123,1.0,2
51,1.0,0.0,0.0,1,0.0,-0.37934907098165194,-0.5540356092387769,-0.3142903146692906,0.27962255901519123,1.0,2
52,1.0,0.0,0.0,1,0.0,-0.19208565698603164,-0.5540356092387769,-0.4094859484806081,0.27962255901519123,1.0,2
53,0.0,1.0,2.0,1,0.0,-0.12890062394205487,-0.5540356092387769,-0.14769795549948497,0.27962255901519123,1.0,0
54,1.0,1.0,1.0,1,1.0,0.9979536959406812,-0.5540356092387769,1.6610190869155474,0.27962255901519123,0.0,0
55,0.0,1.0,2.0,1,0.0,-0.44122456966202295,-0.15523145704393204,-0.5879777618768284,0.27962255901519123,1.0,2
56,0.0,1.0,0.0,1,0.0,-0.535511043841636,-0.010336032424725325,-0.5998772161032431,0.27962255901519123,1.0,2
57,0.0,1.0,0.0,1,0.0,-0.33351536825545114,0.1977802732193711,-0.1357985012730703,0.27962255901519123,1.0,1
58,0.0,1.0,1.0,1,0.0,0.4381277554992289,0.21486699782069266,0.3996769389155906,0.27962255901519123,1.0,0
59,0.0,1.0,2.0,0,0.0,-0.3349885944145076,0.42298330346478913,-0.02870341323533812,0.27962255901519123,1.0,0
60,0.0,1.0,0.0,1,0.0,-0.4752724631157721,0.7431885224935548,-0.3142903146692906,0.27962255901519123,1.0,0
61,0.0,1.0,3.0,1,0.0,-0.3886795033223428,-0.5540356092387769,-0.564178853423999,0.27962255901519123,1.0,0
62,0.0,1.0,0.0,0,1.0,-0.45743005741164394,0.6246066537603834,0.2211851255193703,-2.516603031136721,0.0,1
63,0.0,1.0,1.0,1,0.0,-0.07504602323876897,-0.5540356092387769,0.0,0.27962255901519123,0.0,1
64,1.0,0.0,0.0,1,0.0,-0.20256193189487753,-0.5540356092387769,-0.3618881315749493,0.27962255901519123,0.0,2
65,0.0,1.0,0.0,1,0.0,0.05279726900824103,1.016234381622673,1.3278343685759362,0.27962255901519123,1.0,2
66,0.0,0.0,0.0,0,0.0,-0.3606882063002702,0.21623393578879838,-0.2428935893108025,-2.516603031136721,0.0,0
67,0.0,1.0,1.0,1,0.0,0.8751848493526434,-0.5540356092387769,1.970404896802329,0.27962255901519123,1.0,0
68,0.0,1.0,3.0,0,1.0,0.2777097959575262,-0.5540356092387769,-0.25479304353721716,-4.380753424571329,1.0,0
69,1.0,0.0,0.0,1,0.0,-0.18062723130448147,-0.5540356092387769,-0.12389904704665561,0.27962255901519123,0.0,2
70,0.0,1.0,0.0,1,0.0,-0.35937867193666445,0.4937223433142603,0.3044813051042731,0.27962255901519123,1.0,0
71,0.0,1.0,2.0,0,1.0,-0.5775798352724703,0.08671656331078106,-0.5879777618768284,0.27962255901519123,1.0,2
72,0.0,0.0,0.0,1,0.0,-0.3115806676650551,-0.5540356092387769,-0.7783690294994634,-0.6524526377021128,1.0,2
73,0.0,1.0,3.0,0,0.0,-0.10614746437440521,-0.5540356092387769,-0.6117766703296578,0.0,0.0,2
74,0.0,1.0,3.0,1,1.0,-0.022500956899088806,0.052201379616111536,0.4829731185004934,0.27962255901519123,1.0,2
75,0.0,0.0,0.0,1,0.0,-0.2706577188023758,-0.5540356092387769,-0.3975864942541934,2.1437729524497993,1.0,0
76,0.0,0.0,0.0,1,0.0,-0.2706577188023758,1.06920322788677,0.35207912200993186,0.27962255901519123,1.0,0
77,0.0,1.0,1.0,1,1.0,-0.7208101562918476,0.4786860256650973,-0.43328485693343743,0.27962255901519123,1.0,0
78,0.0,1.0,3.0,1,0.0,-0.36609003555014386,0.8129023588669467,0.3996769389155906,-0.6524526377021128,0.0,2
79,0.0,1.0,3.0,0,1.0,-0.33891719750532484,0.18616130049047247,-0.19529577240514373,0.27962255901519123,1.0,2
80,1.0,0.0,0.0,1,0.0,-0.254943306439107,-0.5540356092387769,-0.4213854027070228,0.27962255901519123,1.0,2
81,0.0,1.0,1.0,1,1.0,-0.4924601016380974,-0.5540356092387769,0.0,0.27962255901519123,1.0,2
82,1.0,1.0,2.0,1,0.0,-0.6589346576114766,0.08876697026293964,0.24498403397219967,0.27962255901519123,1.0,0
83,0.0,1.0,0.0,1,0.0,0.09764882096173749,0.21486699782069266,1.411130548160839,0.27962255901519123,1.0,2
84,0.0,1.0,1.0,1,0.0,-0.23169907148510516,-0.5540356092387769,-1.1472521105183187,-1.584527834419417,1.0,0
85,0.0,0.0,0.0,1,0.0,-0.4972071637061682,0.31089439008011976,-0.12389904704665561,0.27962255901519123,1.0,2
86,0.0,1.0,2.0,0,0.0,-0.33891719750532484,0.12943337481408493,-0.564178853423999,0.27962255901519123,1.0,2
87,0.0,1.0,0.0,1,0.0,-0.4752724631157721,0.16975804487320378,-0.5046815822919256,0.27962255901519123,1.0,2
88,0.0,0.0,0.0,1,0.0,0.5176819680882774,-0.5540356092387769,0.7566605657080312,0.27962255901519123,1.0,0
89,0.0,1.0,0.0,1,0.0,0.0477228233492688,0.8699720190353607,0.34017966778351716,0.27962255901519123,1.0,2
90,0.0,1.0,0.0,1,0.0,-0.4003016207993437,0.4369944176378728,-0.18339631817872903,0.27962255901519123,1.0,2
91,0.0,1.0,2.0,1,0.0,0.13857176982441674,1.3781312086786635,0.4948725727269081,-2.516603031136721,1.0,2
92,0.0,1.0,2.0,0,0.0,-0.34873870523236783,0.06792116624932736,-0.7783690294994634,0.27962255901519123,1.0,0
93,0.0,0.0,0.0,1,0.0,-0.2079637611447512,-0.5540356092387769,-0.29049140621646125,0.27962255901519123,1.0,2
94,0.0,0.0,0.0,0,0.0,-0.291937652210969,-0.5540356092387769,-1.4447384661786857,-3.448678227854025,1.0,2
95,0.0,0.0,0.0,1,1.0,0.2256558050041982,-0.5540356092387769,0.0,0.27962255901519123,1.0,0
96,1.0,1.0,0.0,1,0.0,-0.47789153184298355,0.23263719140606706,-0.11199959282024093,0.27962255901519123,1.0,2
97,0.0,1.0,0.0,1,0.0,-0.5608832721364971,-0.2133263206884253,-1.1472521105183187,0.27962255901519123,1.0,2
98,0.0,1.0,0.0,0,0.0,-0.19896071239496177,-0.5540356092387769,-0.373787585801364,-2.516603031136721,1.0,2
99,0.0,1.0,0.0,1,0.0,-0.5965680835447534,0.656046227026815,-0.18339631817872903,0.27962255901519123,1.0,2
100,0.0,1.0,2.0,0,0.0,-0.18259153284989005,0.5610440382434672,-0.15959740972589967,-2.516603031136721,1.0,0
101,0.0,0.0,0.0,1,0.0,-0.09174258637474211,0.7466058674138192,0.054592766349564684,0.27962255901519123,1.0,2
102,0.0,1.0,1.0,1,0.0,1.3498910561597226,-0.5540356092387769,0.0,0.27962255901519123,1.0,0
103,0.0,1.0,0.0,1,0.0,-0.12300771930582906,0.6703990756919251,0.0,0.27962255901519123,1.0,2
104,0.0,1.0,1.0,1,0.0,-0.2598540603026285,-0.296367802250848,0.16168785438729685,0.27962255901519123,1.0,0
105,0.0,1.0,1.0,1,0.0,-0.3849145920269763,-0.2020490824515531,-0.5522793991975843,0.27962255901519123,1.0,0
106,0.0,1.0,2.0,1,0.0,0.9843672769182716,-0.16924257121701572,0.9351523791042515,0.27962255901519123,1.0,0
107,0.0,0.0,0.0,0,1.0,0.3158499842975433,-0.5540356092387769,-0.3142903146692906,0.27962255901519123,1.0,1
108,0.0,1.0,2.0,1,0.0,-0.26247312902984,0.6762085620563745,0.8280572910665193,0.27962255901519123,0.0,0
109,0.0,1.0,3.0,0,0.0,-0.5454962433641297,-0.296367802250848,-0.6236761245560725,2.1437729524497993,1.0,2
110,0.0,0.0,0.0,1,0.0,-0.014316367126552952,-0.5540356092387769,-0.12389904704665561,0.27962255901519123,1.0,0
111,1.0,1.0,0.0,1,1.0,-0.4050486828674145,0.24323096065888644,-0.08820068436741155,0.27962255901519123,1.0,2
112,0.0,1.0,0.0,0,0.0,-0.29979485839260345,0.8518600909579599,0.06649222057597937,0.0,0.0,1
113,1.0,0.0,1.0,1,1.0,0.3351656161607279,-0.5540356092387769,0.0,0.27962255901519123,1.0,2
114,0.0,0.0,0.0,1,1.0,-0.05785838471644368,-0.5540356092387769,-0.33808922312212,0.27962255901519123,1.0,2
115,0.0,1.0,1.0,1,0.0,1.5026155013152416,-0.5540356092387769,0.459174210047664,-2.516603031136721,1.0,1
116,1.0,1.0,0.0,1,0.0,-0.36609003555014386,0.2261442360575649,0.09029112902880874,0.27962255901519123,1.0,2
117,0.0,1.0,1.0,1,0.0,-0.5220883166146771,-0.0762907893858265,-0.7307712125938046,0.27962255901519123,1.0,0
118,0.0,1.0,0.0,1,0.0,0.02693396532702774,0.17795967268183813,0.34017966778351716,0.27962255901519123,1.0,1
119,1.0,0.0,0.0,1,0.0,0.8192022553084981,-0.5540356092387769,1.3397338228023508,0.27962255901519123,1.0,0
120,0.0,1.0,1.0,1,0.0,0.04313945307664872,0.3573702809957144,0.3996769389155906,0.27962255901519123,1.0,1
121,1.0,0.0,0.0,1,0.0,-0.20256193189487753,-0.5540356092387769,-1.2186488358768068,0.27962255901519123,1.0,2
122,1.0,0.0,0.0,1,0.0,-0.5346925848643824,2.514740129158573,-0.11199959282024093,0.27962255901519123,0.0,2
123,0.0,1.0,2.0,1,0.0,-0.4004653125947944,-0.5540356092387769,-0.7783690294994634,0.27962255901519123,1.0,2
124,0.0,1.0,0.0,0,0.0,-0.18062723130448147,0.13421765770245497,0.5662692980853962,0.27962255901519123,1.0,1
125,1.0,0.0,0.0,1,0.0,-0.2801518429385174,-0.5540356092387769,-0.6355755787824872,0.27962255901519123,1.0,1
126,1.0,1.0,3.0,1,0.0,3.0118538553708527,-0.5540356092387769,2.660573241934381,0.27962255901519123,1.0,1
127,0.0,0.0,0.0,1,0.0,-0.25183316232554337,0.0064089576845697905,0.0,0.27962255901519123,1.0,1
128,0.0,1.0,1.0,1,1.0,0.8363898938308234,0.7616421850629821,0.16168785438729685,-2.516603031136721,0.0,0
129,0.0,1.0,0.0,1,0.0,0.11074416459779486,0.32388030077712415,0.42347584736842,0.27962255901519123,1.0,1
130,0.0,0.0,0.0,1,1.0,2.416506795316595,-0.5540356092387769,5.992420425330493,2.1437729524497993,1.0,0
131,0.0,0.0,0.0,1,0.0,-0.5548266757048206,0.10517022588020833,-0.8616652090843662,0.27962255901519123,1.0,0
132,0.0,0.0,0.0,1,0.0,-0.4395876517075158,-0.5540356092387769,-0.909263025990025,0.27962255901519123,1.0,2
133,0.0,1.0,0.0,1,1.0,-0.31829203127853445,-0.5540356092387769,-1.4447384661786857,-3.448678227854025,1.0,2
134,0.0,0.0,0.0,1,0.0,-0.08323061301130483,-0.5540356092387769,-0.5284804907447549,0.27962255901519123,1.0,2
135,0.0,1.0,3.0,1,0.0,-0.22973476993969655,2.0944067039660625,1.708616903821206,0.27962255901519123,1.0,2
136,1.0,1.0,0.0,1,0.0,-0.13430245319192854,-0.5540356092387769,-0.7426706668202193,0.27962255901519123,1.0,1
137,0.0,1.0,2.0,1,1.0,-0.341699958027987,0.6420351128537314,-0.6950728499145605,0.27962255901519123,1.0,0
138,0.0,0.0,0.0,1,0.0,1.5707112882227399,-0.5540356092387769,1.1374431009533013,0.27962255901519123,0.0,2
139,0.0,1.0,2.0,0,0.0,-0.19699641084955316,-0.06535528564098071,-0.20719522663155843,0.27962255901519123,1.0,1
140,0.0,1.0,2.0,1,0.0,-0.05916791908004942,0.15779733765227869,0.459174210047664,0.27962255901519123,1.0,1
141,0.0,0.0,0.0,1,0.0,0.002216504213969467,-0.5540356092387769,0.25688348819861434,0.27962255901519123,1.0,0
142,0.0,0.0,0.0,1,1.0,0.25315602663991865,-0.5540356092387769,0.34017966778351716,-2.516603031136721,1.0,2
143,0.0,1.0,0.0,1,0.0,-0.44286148761653016,0.14105234754298357,-0.29049140621646125,0.27962255901519123,1.0,2
144,0.0,1.0,2.0,1,0.0,1.0400224873715154,-0.5540356092387769,0.4829731185004934,-2.516603031136721,1.0,0
145,1.0,1.0,0.0,1,0.0,-0.503100068342394,0.9789853219917922,-0.5522793991975843,0.27962255901519123,1.0,2
146,1.0,1.0,2.0,1,0.0,1.5489402794277944,-0.5540356092387769,-0.909263025990025,0.27962255901519123,1.0,0
147,0.0,1.0,1.0,1,0.0,-0.6327439703393619,-0.06706395810111286,-1.3852411950466124,0.27962255901519123,1.0,0
148,1.0,0.0,0.0,1,0.0,0.7524160027646056,0.015294054477256996,0.9351523791042515,0.27962255901519123,1.0,1
149,0.0,1.0,0.0,1,0.0,-0.08895982585207991,-0.27039598085683925,-0.25479304353721716,0.27962255901519123,1.0,2
150,0.0,0.0,0.0,1,0.0,0.1429914483015861,-0.5540356092387769,-0.33808922312212,0.27962255901519123,0.0,1
151,0.0,1.0,0.0,1,1.0,-0.4626681948660669,0.727468735860339,0.06649222057597937,0.27962255901519123,1.0,1
152,0.0,0.0,0.0,1,0.0,0.6158970453587076,-0.5540356092387769,1.1612420094061304,0.27962255901519123,1.0,0
153,0.0,1.0,2.0,0,0.0,-0.5111209663194791,-0.5540356092387769,-0.3975864942541934,0.27962255901519123,1.0,1
154,0.0,0.0,0.0,1,0.0,-0.35184884934593147,-0.5540356092387769,-1.1472521105183187,0.27962255901519123,1.0,0
155,0.0,1.0,3.0,1,0.0,5.663006174490666,-0.5540356092387769,5.3974477140097585,-2.516603031136721,0.0,2
156,0.0,1.0,1.0,1,0.0,0.09764882096173749,-0.5540356092387769,0.16168785438729685,0.27962255901519123,1.0,1
157,0.0,1.0,1.0,1,0.0,0.6767903932663744,-0.5540356092387769,0.4829731185004934,0.27962255901519123,1.0,0
158,0.0,0.0,0.0,1,1.0,-0.3967004012994279,0.15779733765227869,-0.3142903146692906,0.27962255901519123,1.0,1
159,0.0,1.0,0.0,1,0.0,-0.13430245319192854,1.368220908409897,1.292136005896692,0.27962255901519123,1.0,2
160,0.0,1.0,0.0,0,0.0,-0.5795441368178789,-0.19829000303926234,-0.5760783076504137,0.27962255901519123,1.0,2
161,0.0,1.0,0.0,1,0.0,0.4140650615679735,-0.5540356092387769,1.530125090424986,0.27962255901519123,1.0,0
162,0.0,1.0,1.0,1,0.0,-0.37885799559529976,-0.11661545944494535,-0.3023908604428759,0.27962255901519123,0.0,2
163,0.0,1.0,2.0,1,0.0,-0.2023982400994268,-0.05954579927653138,0.1378889459344675,0.27962255901519123,1.0,1
164,0.0,1.0,0.0,1,0.0,0.6415966572444701,-0.5540356092387769,-0.8497657548579515,-2.516603031136721,1.0,0
165,0.0,1.0,0.0,1,0.0,-0.2776964660067566,0.5278957925169034,0.42347584736842,0.0,1.0,1
166,1.0,1.0,0.0,1,0.0,-0.13430245319192854,-0.5540356092387769,-0.4094859484806081,0.27962255901519123,1.0,1
167,0.0,1.0,0.0,1,0.0,-0.48525766263826586,0.5849654526853174,-0.20719522663155843,0.27962255901519123,1.0,1
168,0.0,0.0,0.0,1,0.0,-0.5183234053193106,-0.5540356092387769,-0.9925592055749277,2.1437729524497993,0.0,2
169,0.0,1.0,2.0,1,0.0,0.42503241186317153,-0.5540356092387769,0.6376660234438843,0.27962255901519123,1.0,2
170,0.0,1.0,0.0,0,1.0,-0.5865828840222597,0.05049270715597938,-0.6117766703296578,0.27962255901519123,1.0,1
171,1.0,1.0,3.0,1,0.0,7.588676456172901,-0.5540356092387769,6.587393136651227,-0.6524526377021128,1.0,0
172,0.0,1.0,3.0,0,0.0,-0.3079794481651393,-0.5540356092387769,-0.7783690294994634,-2.516603031136721,1.0,1
173,0.0,1.0,0.0,1,0.0,0.04985081669012812,1.368220908409897,0.4829731185004934,0.27962255901519123,1.0,2
174,0.0,1.0,0.0,0,1.0,-0.1734247923046499,-0.30251902310732376,-0.7069723041409752,0.27962255901519123,1.0,2
175,0.0,1.0,0.0,1,0.0,-0.3120717430514072,0.11713093310113341,-0.3618881315749493,0.27962255901519123,1.0,1
176,0.0,1.0,2.0,1,0.0,-0.5497522300458484,-0.0007674666479852589,-0.5403799449711696,0.27962255901519123,1.0,1
177,0.0,1.0,3.0,1,0.0,0.018421991963590453,3.3075641506598927,4.148005020236217,0.27962255901519123,0.0,2
178,0.0,1.0,1.0,1,0.0,-0.2706577188023758,-0.5540356092387769,-0.3618881315749493,0.27962255901519123,1.0,2
179,0.0,0.0,0.0,0,0.0,-0.5026089929560419,-0.05817886130842566,-0.5284804907447549,2.1437729524497993,0.0,0
180,0.0,1.0,1.0,1,0.0,0.1631255391420243,1.9235394579528473,0.3996769389155906,0.27962255901519123,0.0,0
181,0.0,0.0,0.0,1,0.0,-0.5708684716589908,1.1761661238910428,-0.9449613886692689,0.27962255901519123,1.0,1
182,0.0,1.0,0.0,1,0.0,-0.13151969266926636,-0.5540356092387769,-0.8735646633107809,-2.516603031136721,1.0,2
183,0.0,1.0,1.0,1,0.0,4.655810557082404,-0.5540356092387769,1.3516332770287656,0.27962255901519123,1.0,2
184,1.0,1.0,0.0,1,0.0,-0.29111919323371543,-0.5540356092387769,-0.4570837653862668,0.27962255901519123,1.0,2
185,0.0,1.0,0.0,1,1.0,5.523540764766655,1.06920322788677,-0.3142903146692906,0.27962255901519123,1.0,2
186,0.0,1.0,1.0,1,1.0,-0.527981221250903,-0.5540356092387769,-0.9568608428956836,-0.6524526377021128,0.0,1
187,0.0,1.0,0.0,1,0.0,-0.494424403183506,0.1765927347137324,-1.052056476707001,0.27962255901519123,1.0,1
188,1.0,1.0,0.0,1,1.0,-0.7741736816087814,1.2557902605332012,0.25688348819861434,0.27962255901519123,1.0,1
189,0.0,1.0,0.0,1,0.0,0.6424151162217238,-0.5540356092387769,0.4948725727269081,-2.516603031136721,1.0,1
190,0.0,0.0,0.0,0,0.0,-0.084867530965812,-0.5540356092387769,-1.171051018971148,0.27962255901519123,1.0,1
191,0.0,0.0,0.0,1,0.0,1.0797995936660396,-0.5540356092387769,0.2092856712929556,0.27962255901519123,1.0,2
192,0.0,1.0,0.0,0,0.0,0.10305065021161115,-0.5540356092387769,0.16168785438729685,0.27962255901519123,1.0,0
193,0.0,0.0,0.0,1,0.0,-0.2529790048936984,-0.5540356092387769,-0.8378663006315368,0.27962255901519123,1.0,2
194,0.0,0.0,0.0,1,0.0,-0.19846963700860962,-0.5540356092387769,-0.3142903146692906,0.27962255901519123,1.0,1
195,0.0,1.0,1.0,1,0.0,-0.372965090959074,0.32866458366549417,0.28068239665144373,0.27962255901519123,1.0,2
196,0.0,0.0,0.0,1,0.0,0.47954177974826034,0.727468735860339,0.4829731185004934,0.27962255901519123,1.0,1
197,1.0,0.0,0.0,0,0.0,-0.5723416978180473,0.2541664644037322,-0.3142903146692906,0.0,1.0,0
198,1.0,1.0,0.0,1,0.0,-0.3253307784829153,0.40828872030765256,-0.3975864942541934,0.27962255901519123,1.0,2
199,0.0,0.0,0.0,1,1.0,0.9161077982153226,-0.5540356092387769,-0.754570121046634,0.27962255901519123,1.0,0
200,0.0,1.0,1.0,0,0.0,-0.4589032835707004,0.3003006208273004,-0.6712739414617311,0.27962255901519123,1.0,2
201,0.0,0.0,2.0,1,0.0,-0.07864724273868474,-0.5540356092387769,0.23308457974578498,0.27962255901519123,0.0,2
202,0.0,1.0,3.0,0,0.0,-0.2310443043033023,-0.5540356092387769,0.0,-2.516603031136721,1.0,0
203,0.0,1.0,1.0,0,0.0,-0.3115806676650551,-0.18393715437415226,-0.1357985012730703,0.27962255901519123,1.0,0
204,0.0,1.0,2.0,0,0.0,-0.24332118896210608,-0.5540356092387769,-0.26669249776363185,0.27962255901519123,1.0,2
205,1.0,0.0,0.0,0,0.0,-0.16294851739580402,-0.5540356092387769,-0.3142903146692906,0.27962255901519123,1.0,2
206,1.0,0.0,0.0,1,0.0,-0.3534857673004386,-0.5540356092387769,-0.7902684837258781,0.27962255901519123,1.0,0
207,0.0,0.0,0.0,0,0.0,-0.2338270648259645,0.31089439008011976,-1.0877548393862453,0.27962255901519123,1.0,1
208,0.0,0.0,0.0,1,0.0,-0.4787099908202372,-0.5540356092387769,-1.0401570224805865,0.27962255901519123,1.0,0
209,0.0,0.0,0.0,1,0.0,-0.32500339489201385,-0.5540356092387769,-0.2309941350843878,0.27962255901519123,1.0,2
210,1.0,0.0,0.0,1,0.0,0.7524160027646056,-0.5540356092387769,0.80425838261369,0.27962255901519123,1.0,2
211,0.0,1.0,3.0,1,0.0,-0.32303909334660524,-0.12686749420573828,-0.2190946808579731,0.27962255901519123,0.0,2
212,0.0,1.0,1.0,1,1.0,0.3901660594321688,-0.5540356092387769,1.1136441925004719,0.27962255901519123,1.0,0
213,0.0,1.0,3.0,0,1.0,0.049032357712874536,-0.5540356092387769,-0.19529577240514373,0.27962255901519123,1.0,1
214,0.0,1.0,0.0,1,0.0,-0.36510788477743955,0.4783442911730709,-0.11199959282024093,0.27962255901519123,1.0,0
215,0.0,1.0,3.0,0,0.0,-0.2542885392573041,-0.21811060357679535,-0.5522793991975843,0.27962255901519123,1.0,2
216,0.0,1.0,0.0,1,0.0,-0.8599481824249571,0.06108647640879874,-0.1357985012730703,0.27962255901519123,1.0,1
217,0.0,1.0,0.0,1,0.0,-0.2744226300977423,0.052543114108137966,-0.18339631817872903,0.27962255901519123,1.0,2
218,0.0,1.0,2.0,1,1.0,-0.06604297448897953,-0.5540356092387769,-0.8854641175371956,0.27962255901519123,0.0,2
219,1.0,1.0,2.0,1,0.0,-0.18340999182714365,0.260317685260208,-0.2309941350843878,0.27962255901519123,1.0,2
220,0.0,1.0,0.0,1,0.0,-0.5209424740465222,-0.5540356092387769,-1.0282575682541717,0.27962255901519123,0.0,0
221,0.0,1.0,2.0,1,0.0,-0.22826154378064012,0.032722513570604975,-0.3618881315749493,0.27962255901519123,1.0,2
222,0.0,0.0,0.0,1,0.0,-0.3981736274584844,0.3997453580069918,-0.02870341323533812,0.27962255901519123,1.0,2
223,0.0,1.0,0.0,1,0.0,0.35595447418296894,-0.20888377229208172,0.34017966778351716,0.0,1.0,2
224,0.0,1.0,0.0,1,0.0,0.13857176982441674,-0.5540356092387769,-0.2190946808579731,0.27962255901519123,1.0,2
225,0.0,1.0,0.0,1,0.0,-0.3525036165277343,-0.5540356092387769,0.28068239665144373,0.27962255901519123,1.0,1
226,0.0,1.0,1.0,0,1.0,-0.10942130028341955,-0.5540356092387769,-0.10010013859382624,0.27962255901519123,1.0,0
227,0.0,1.0,2.0,1,0.0,0.13857176982441674,0.02520435474602349,0.7566605657080312,0.27962255901519123,1.0,2
228,0.0,1.0,1.0,1,0.0,-0.10565638898805306,-0.5540356092387769,0.1378889459344675,2.1437729524497993,1.0,2
229,0.0,0.0,0.0,1,1.0,0.1631255391420243,-0.5540356092387769,0.6376660234438843,0.27962255901519123,1.0,1
230,0.0,1.0,1.0,1,0.0,-0.4767456892748286,0.1478870373835122,-0.5046815822919256,0.27962255901519123,1.0,2
231,0.0,1.0,0.0,1,1.0,-0.2762232398477002,-0.5540356092387769,-1.2424477443296362,-2.516603031136721,1.0,1
232,0.0,0.0,0.0,0,0.0,-0.3624888160502281,0.33379060104589064,-0.3142903146692906,0.0,1.0,1
233,1.0,0.0,0.0,1,0.0,0.47954177974826034,-0.5540356092387769,1.5896223615570593,0.27962255901519123,1.0,2
234,0.0,1.0,1.0,1,0.0,-0.36805433709555246,0.05391005207624369,-0.07630123014099686,0.27962255901519123,1.0,2
235,0.0,1.0,1.0,1,0.0,0.01580292323637898,-0.12345014928547397,0.28068239665144373,0.27962255901519123,1.0,1
236,0.0,1.0,0.0,1,1.0,0.05607110491725537,-0.5540356092387769,1.292136005896692,0.27962255901519123,1.0,0
237,1.0,0.0,0.0,1,1.0,-0.3176372640967316,-0.5540356092387769,-0.29049140621646125,0.27962255901519123,1.0,0
238,1.0,0.0,1.0,1,0.0,-0.2605088274844314,-0.5540356092387769,-0.4094859484806081,0.27962255901519123,1.0,1
239,0.0,1.0,1.0,1,0.0,-0.3418636498234377,-0.5540356092387769,-0.5998772161032431,0.27962255901519123,1.0,2
240,0.0,1.0,2.0,1,0.0,0.06802060598515772,1.1546368508933778,-0.3142903146692906,0.27962255901519123,1.0,1
241,0.0,1.0,1.0,0,0.0,-0.47363554516126494,0.12362388844963561,-0.07630123014099686,-2.516603031136721,1.0,0
242,0.0,0.0,0.0,1,0.0,-0.3991557782311887,1.3941927298039059,0.10219058325522343,-4.380753424571329,1.0,0
243,0.0,1.0,2.0,1,1.0,0.13857176982441674,-0.10978076960441673,-0.4570837653862668,0.27962255901519123,1.0,1
244,0.0,1.0,0.0,0,0.0,-0.32696769643742246,0.9554056420419684,-0.27859195199004655,0.27962255901519123,1.0,2
245,0.0,0.0,0.0,1,1.0,0.10583341073427334,0.9266999447117482,-0.3142903146692906,-2.516603031136721,1.0,0
246,0.0,1.0,2.0,1,0.0,0.7037995395157427,-0.5540356092387769,-0.4094859484806081,0.27962255901519123,1.0,0
247,0.0,1.0,1.0,0,0.0,0.19717343259577344,-0.5540356092387769,-0.11199959282024093,-2.516603031136721,1.0,0
248,0.0,1.0,1.0,1,0.0,-0.4127421972535982,0.07578105956593527,-0.27859195199004655,2.1437729524497993,1.0,2
249,0.0,1.0,0.0,1,0.0,-0.5883834937722175,0.08432442186659604,-0.6712739414617311,0.27962255901519123,1.0,0
250,0.0,1.0,0.0,0,0.0,-0.6114640369307687,0.7753115647440393,0.649565477670299,0.27962255901519123,0.0,2
251,1.0,0.0,2.0,1,0.0,-0.3235301687329574,-0.5540356092387769,-0.10010013859382624,0.27962255901519123,1.0,0
252,0.0,0.0,0.0,0,1.0,-0.4616860440933626,0.1865030349824989,-0.5046815822919256,0.27962255901519123,1.0,1
253,0.0,1.0,1.0,0,0.0,-0.44891808404820666,1.8726210186409091,1.5777229073306445,-2.516603031136721,1.0,2
254,0.0,0.0,0.0,1,1.0,1.7754897243315868,-0.5540356092387769,0.5424703896325668,0.27962255901519123,0.0,0
255,1.0,0.0,3.0,1,0.0,-0.37984014636800406,-0.5540356092387769,1.292136005896692,0.27962255901519123,1.0,1
256,0.0,0.0,0.0,0,0.0,0.10501495175701976,-0.5540356092387769,-0.373787585801364,0.27962255901519123,0.0,1
257,0.0,1.0,3.0,1,0.0,-0.025120025626300276,-0.5540356092387769,-0.6236761245560725,0.27962255901519123,1.0,0
258,0.0,1.0,0.0,1,0.0,1.5189846808603134,0.16360682401672802,1.8752092629910118,0.27962255901519123,1.0,1
259,0.0,1.0,3.0,0,0.0,-0.07733770837507901,-0.5540356092387769,-0.2190946808579731,0.27962255901519123,1.0,2
260,0.0,1.0,1.0,1,0.0,0.11123523998414701,0.8983359818735545,2.1845950728777934,0.27962255901519123,1.0,0
261,0.0,0.0,0.0,1,0.0,-0.5472968531140876,0.200855883647609,-0.14769795549948497,0.27962255901519123,1.0,2
262,1.0,0.0,1.0,1,0.0,-0.3146908117786187,-0.5540356092387769,0.10219058325522343,-4.753583503258251,1.0,2
263,1.0,0.0,0.0,1,0.0,0.29407897550259793,-0.5540356092387769,-0.3142903146692906,0.27962255901519123,1.0,1
264,0.0,0.0,0.0,1,1.0,-0.03887013644416051,-0.5540356092387769,-0.2190946808579731,0.27962255901519123,1.0,2
265,0.0,0.0,0.0,1,0.0,-0.21418404937187843,0.6239231847763305,0.054592766349564684,0.27962255901519123,1.0,1
266,0.0,1.0,2.0,1,0.0,-0.1138409787605889,-0.08004986879811724,0.04269331212315,0.27962255901519123,1.0,2
267,0.0,1.0,3.0,1,0.0,-0.1752254020546078,0.06484555582108949,0.16168785438729685,0.27962255901519123,0.0,0
268,1.0,0.0,0.0,1,1.0,-0.32500339489201385,-0.5540356092387769,-0.1357985012730703,0.27962255901519123,1.0,1
269,1.0,0.0,1.0,1,0.0,-0.4137243480263025,-0.020929801677544685,-0.6712739414617311,0.27962255901519123,1.0,0
270,1.0,0.0,0.0,1,0.0,-0.35463160986859366,-0.5540356092387769,-1.3852411950466124,0.27962255901519123,1.0,0
271,0.0,1.0,0.0,1,0.0,0.9400068003511273,-0.5540356092387769,-0.12389904704665561,0.27962255901519123,1.0,0
272,0.0,0.0,0.0,1,0.0,-0.42076309523068334,0.0805653424543053,-0.2428935893108025,0.27962255901519123,1.0,1
273,0.0,1.0,0.0,1,0.0,-0.45562944766168606,0.20564016653597902,0.04269331212315,0.27962255901519123,1.0,2
274,0.0,1.0,2.0,1,0.0,-0.24610394948476827,-0.5540356092387769,-0.6712739414617311,0.27962255901519123,1.0,2
275,0.0,1.0,1.0,1,0.0,-0.43434951425309287,0.07543932507390884,-0.373787585801364,0.27962255901519123,1.0,2
276,0.0,1.0,0.0,1,0.0,-0.23088061250785158,0.564803117655758,0.7209622030287871,0.27962255901519123,1.0,2
277,0.0,1.0,0.0,1,0.0,-0.37656631045898975,-0.10978076960441673,-0.7902684837258781,0.27962255901519123,1.0,0
278,0.0,1.0,0.0,1,0.0,1.5026155013152416,-0.5540356092387769,3.44593722087775,0.27962255901519123,1.0,2
279,1.0,1.0,0.0,0,0.0,-0.21336559039462485,-0.5540356092387769,-0.26669249776363185,0.27962255901519123,1.0,1
280,0.0,0.0,1.0,0,1.0,-0.22105910478080856,0.2750122684173445,0.1378889459344675,0.27962255901519123,0.0,0
281,0.0,1.0,0.0,1,0.0,-0.2416842710075989,-0.2806480156176322,-0.4094859484806081,0.27962255901519123,1.0,2
282,0.0,1.0,2.0,1,0.0,-0.5078471304104648,-0.2171537511682822,-0.8140673921787074,-2.516603031136721,1.0,0
283,1.0,0.0,0.0,1,0.0,-0.5880561101813161,0.015294054477256996,-1.0996542936126599,0.27962255901519123,1.0,0
284,0.0,1.0,0.0,1,0.0,2.498516384837404,-0.5540356092387769,0.0,0.27962255901519123,1.0,1
285,0.0,0.0,0.0,1,0.0,-0.3675632617092003,0.48927979491791673,-0.6831733956881458,0.27962255901519123,1.0,1
286,1.0,0.0,0.0,1,1.0,-0.4589032835707004,0.032722513570604975,-0.564178853423999,-0.6524526377021128,1.0,2
287,0.0,1.0,0.0,1,0.0,-0.2781875413931088,0.12943337481408493,-0.3142903146692906,0.27962255901519123,1.0,1
288,1.0,0.0,0.0,1,0.0,-0.20943698730380764,-0.5540356092387769,-0.373787585801364,0.27962255901519123,1.0,2
289,0.0,0.0,0.0,1,0.0,0.6718796394028528,-0.5540356092387769,0.4829731185004934,0.27962255901519123,1.0,1
290,0.0,1.0,0.0,1,0.0,-0.3811496807316098,0.2715949234970802,-0.08820068436741155,0.27962255901519123,1.0,1
291,0.0,1.0,2.0,1,0.0,-0.16425805175940975,-0.5540356092387769,-0.2309941350843878,0.27962255901519123,0.0,2
292,0.0,1.0,2.0,1,0.0,-0.36838172068645386,-0.020929801677544685,-0.14769795549948497,0.27962255901519123,1.0,0
293,1.0,0.0,1.0,1,0.0,0.002216504213969467,-0.5540356092387769,-0.040602867461752803,2.1437729524497993,0.0,0
294,0.0,1.0,0.0,1,0.0,-0.494424403183506,0.5853071871773438,0.3044813051042731,0.27962255901519123,1.0,2
295,0.0,1.0,3.0,1,1.0,-0.16163898303219829,-0.12686749420573828,-0.43328485693343743,0.27962255901519123,1.0,0
296,0.0,1.0,1.0,1,0.0,0.2408791419811149,-0.5540356092387769,0.6376660234438843,0.27962255901519123,1.0,2
297,1.0,1.0,1.0,1,0.0,-0.12071603416951902,-0.5540356092387769,-0.1357985012730703,0.27962255901519123,1.0,0
298,1.0,0.0,0.0,1,0.0,-0.06604297448897953,0.31431173500038406,0.054592766349564684,2.1437729524497993,1.0,1
299,0.0,1.0,1.0,1,0.0,-0.5548266757048206,0.44553777993853355,-0.3975864942541934,0.27962255901519123,1.0,0
300,0.0,1.0,0.0,0,0.0,-0.589856719931274,0.44861339036677145,-0.6355755787824872,0.27962255901519123,0.0,0
301,0.0,1.0,1.0,0,0.0,-0.4138880398217532,0.04399975180747719,-0.4927821280655109,0.27962255901519123,1.0,2
302,1.0,0.0,0.0,1,0.0,-0.06604297448897953,-0.5540356092387769,-0.17149686395231437,0.27962255901519123,1.0,1
303,0.0,1.0,1.0,1,0.0,-0.6185027841351495,0.062111679884878035,-0.5998772161032431,0.27962255901519123,1.0,0
304,0.0,0.0,0.0,1,0.0,-0.22973476993969655,0.3003006208273004,-0.07630123014099686,0.27962255901519123,1.0,1
305,0.0,0.0,0.0,0,0.0,-0.5571183608411306,-0.5540356092387769,0.0,0.27962255901519123,1.0,0
306,1.0,0.0,0.0,1,0.0,-0.2686934172569672,0.015294054477256996,-0.1357985012730703,0.27962255901519123,1.0,1
307,1.0,0.0,0.0,1,0.0,-0.4916416426608438,0.08261574940646389,-0.5046815822919256,0.27962255901519123,0.0,0
308,0.0,0.0,0.0,1,0.0,2.427474145611793,-0.5540356092387769,3.9695132068399963,0.27962255901519123,1.0,1
309,0.0,1.0,2.0,0,0.0,0.3705230439780828,-0.5540356092387769,0.459174210047664,0.27962255901519123,1.0,1
310,1.0,0.0,0.0,1,0.0,-0.4070129844128231,-0.5540356092387769,-0.7426706668202193,0.27962255901519123,1.0,2
311,0.0,0.0,0.0,0,0.0,-0.4053760664583159,0.26783584408478944,-0.4213854027070228,0.27962255901519123,1.0,2
312,1.0,0.0,0.0,1,0.0,-0.47412662054761706,-0.5540356092387769,-1.0758553851598305,0.27962255901519123,1.0,1
313,0.0,1.0,2.0,1,1.0,0.05607110491725537,-0.5540356092387769,-0.02870341323533812,-4.007923345884407,1.0,1
314,1.0,1.0,0.0,1,0.0,-0.4796921415929415,0.07578105956593527,0.14978840016088218,0.27962255901519123,1.0,1
315,0.0,1.0,1.0,0,0.0,-0.3281135390055775,0.0064089576845697905,-0.4213854027070228,-2.516603031136721,1.0,0
316,0.0,1.0,2.0,1,0.0,-0.27605954805224947,-0.5540356092387769,-0.3142903146692906,0.27962255901519123,1.0,2
317,0.0,1.0,0.0,1,0.0,-0.547624236704989,0.1752257967456267,-0.6950728499145605,0.27962255901519123,1.0,0
318,1.0,0.0,1.0,1,0.0,-0.3048693040515757,-0.5540356092387769,-0.4094859484806081,0.27962255901519123,1.0,2
319,0.0,1.0,1.0,1,1.0,0.7524160027646056,-0.5540356092387769,0.10219058325522343,0.27962255901519123,1.0,1
320,0.0,1.0,0.0,1,0.0,-0.4916416426608438,0.1865030349824989,-0.373787585801364,0.27962255901519123,1.0,2
321,0.0,1.0,3.0,1,0.0,-0.17375217589555134,-0.4894477902457815,-0.26669249776363185,0.27962255901519123,1.0,2
322,0.0,1.0,2.0,0,0.0,-0.29504779632453265,-0.010677766916751756,0.0,0.27962255901519123,1.0,1
323,1.0,0.0,0.0,1,0.0,-0.3662537273455946,0.4660418494601194,-0.17149686395231437,0.27962255901519123,1.0,1
324,0.0,1.0,3.0,1,0.0,1.5708749800181907,-0.5540356092387769,1.827611446085353,0.27962255901519123,1.0,1
325,0.0,1.0,1.0,1,1.0,0.534051147633349,1.1488273645289284,2.7319699672928692,0.27962255901519123,0.0,1
326,0.0,0.0,0.0,1,0.0,-0.07962939351138905,-0.5540356092387769,-0.19529577240514373,0.27962255901519123,0.0,1
327,0.0,1.0,0.0,1,1.0,0.06785691418970699,0.1841108935383139,0.4472747558212493,0.27962255901519123,1.0,2
328,1.0,1.0,0.0,1,0.0,-0.1752254020546078,0.28355563071800527,-0.43328485693343743,0.27962255901519123,1.0,0
329,1.0,0.0,0.0,1,0.0,-0.4752724631157721,-0.5540356092387769,-0.9449613886692689,0.27962255901519123,1.0,0
330,0.0,0.0,1.0,1,0.0,-0.16687712048662123,0.05869433496461372,-0.34998867734853467,0.27962255901519123,1.0,0
331,0.0,0.0,0.0,1,0.0,-0.4040665320947102,-0.5540356092387769,-0.5760783076504137,0.27962255901519123,1.0,2
332,0.0,0.0,1.0,1,0.0,-0.42076309523068334,-0.5540356092387769,-0.8973635717636103,0.27962255901519123,1.0,0
333,0.0,1.0,0.0,1,1.0,9.483245296719499,-0.5540356092387769,4.088507749104143,-2.516603031136721,1.0,0
334,1.0,1.0,1.0,1,1.0,0.7250794729243358,0.07236371464567096,0.42347584736842,-2.516603031136721,1.0,0
335,0.0,1.0,1.0,1,1.0,0.01629399862273113,0.9803522599598979,-0.909263025990025,0.0,1.0,2
336,0.0,1.0,1.0,1,1.0,-0.025120025626300276,-0.31892227872459245,0.16168785438729685,0.27962255901519123,1.0,1
337,0.0,1.0,2.0,1,1.0,-0.4752724631157721,1.0179430540828054,0.35207912200993186,0.27962255901519123,1.0,1
338,1.0,0.0,3.0,0,0.0,-0.5849459660677525,-0.5540356092387769,0.0,0.27962255901519123,0.0,0
339,1.0,0.0,0.0,1,0.0,-0.20354408266758184,-0.5540356092387769,-0.8973635717636103,0.27962255901519123,1.0,2
340,0.0,1.0,3.0,0,0.0,-0.4512097691845167,-0.011702970392831049,0.31638075933068777,0.27962255901519123,1.0,1
341,1.0,0.0,0.0,1,0.0,-0.4952428621607596,-0.5540356092387769,-1.1948499274239774,0.27962255901519123,1.0,1
342,0.0,1.0,1.0,0,0.0,-0.13904951525999934,-0.13404391853829334,0.1378889459344675,0.27962255901519123,1.0,0
343,0.0,1.0,3.0,0,0.0,-0.36510788477743955,-0.5540356092387769,-0.8616652090843662,0.27962255901519123,1.0,2
344,0.0,1.0,2.0,1,1.0,-0.4616860440933626,0.24220575718280715,-0.25479304353721716,0.27962255901519123,1.0,1
345,0.0,1.0,0.0,1,0.0,-0.4754361549112228,0.2859477721621903,0.16168785438729685,0.27962255901519123,1.0,2
346,0.0,1.0,1.0,0,0.0,-0.3078157563696886,0.549766800006595,0.06649222057597937,0.27962255901519123,0.0,1
347,0.0,1.0,2.0,0,0.0,-0.37984014636800406,0.18684476947452533,-0.2428935893108025,0.27962255901519123,1.0,0
348,0.0,1.0,0.0,1,0.0,0.15215818884682628,1.012133567718356,1.3397338228023508,0.27962255901519123,1.0,2
349,0.0,1.0,0.0,1,0.0,-0.4548109886844325,1.5818049659264164,0.4829731185004934,0.27962255901519123,1.0,1
350,0.0,1.0,0.0,1,0.0,0.6023106263362981,-0.5540356092387769,0.9708507417834955,0.27962255901519123,1.0,2
351,0.0,0.0,0.0,1,0.0,0.5478012584512093,0.8699720190353607,1.9228070798966705,0.27962255901519123,1.0,1
352,0.0,1.0,3.0,1,0.0,-0.4480996250709531,0.15779733765227869,-0.6117766703296578,0.27962255901519123,1.0,1
353,1.0,1.0,0.0,1,1.0,0.01580292323637898,-0.5540356092387769,-0.4927821280655109,0.27962255901519123,0.0,1
354,1.0,1.0,0.0,1,0.0,-0.4878767313654773,-0.38145969076542935,-0.19529577240514373,0.27962255901519123,1.0,2
355,1.0,0.0,1.0,1,0.0,-0.26034513568898066,-0.5540356092387769,-0.3618881315749493,-2.516603031136721,1.0,0
356,0.0,1.0,2.0,1,0.0,0.47954177974826034,0.5282375270089298,0.2211851255193703,0.27962255901519123,1.0,1
357,0.0,1.0,1.0,1,0.0,-0.2501962443710362,-0.5540356092387769,-0.9449613886692689,0.27962255901519123,1.0,0
358,0.0,1.0,0.0,0,0.0,-0.3934265653904136,0.015294054477256996,-0.5522793991975843,2.1437729524497993,0.0,0
359,0.0,1.0,3.0,1,0.0,-0.03870644464870979,0.5282375270089298,0.6376660234438843,0.27962255901519123,1.0,2
360,1.0,0.0,1.0,1,0.0,-0.11138560182882815,-0.5540356092387769,-0.7783690294994634,0.27962255901519123,1.0,2
361,0.0,1.0,2.0,1,0.0,-0.06604297448897953,0.6991047730221454,1.066046375594813,0.27962255901519123,1.0,2
362,0.0,1.0,0.0,1,0.0,-0.10696592335165879,0.24323096065888644,-0.19529577240514373,0.27962255901519123,1.0,0
363,0.0,1.0,0.0,1,0.0,-0.39129857204955426,0.4824451050773881,-0.6117766703296578,-0.6524526377021128,1.0,0
364,0.0,0.0,0.0,1,1.0,0.2322034768222269,-0.5540356092387769,-0.06440177591458218,0.27962255901519123,1.0,1
365,0.0,0.0,0.0,0,0.0,0.13300624877909237,-0.5540356092387769,-0.15959740972589967,0.27962255901519123,1.0,1
366,0.0,0.0,0.0,1,0.0,-0.4752724631157721,-0.5540356092387769,-0.5998772161032431,2.1437729524497993,1.0,2
367,0.0,0.0,0.0,1,0.0,-0.04574519185309062,-0.5540356092387769,-0.26669249776363185,0.0,0.0,1
368,0.0,1.0,1.0,1,0.0,0.15084865448322052,-0.5540356092387769,0.34017966778351716,0.27962255901519123,1.0,2
369,0.0,1.0,0.0,1,0.0,2.345137172500082,1.2455382257724084,5.040464087217318,0.27962255901519123,1.0,1
370,1.0,0.0,0.0,1,1.0,1.6951170527652848,-0.5540356092387769,-1.0877548393862453,0.27962255901519123,1.0,2
371,0.0,1.0,2.0,1,0.0,-0.03575999233059688,-0.5540356092387769,0.10219058325522343,0.27962255901519123,1.0,2
372,0.0,1.0,2.0,1,1.0,0.6415966572444701,2.1364400464853137,2.779567784198528,-0.6524526377021128,1.0,1
373,0.0,0.0,1.0,1,0.0,-0.38327767407246915,0.12499082641774133,-0.4213854027070228,-2.516603031136721,0.0,0
374,1.0,0.0,0.0,1,1.0,-0.4320578291167828,-0.055444985372214206,-0.43328485693343743,0.27962255901519123,1.0,0
375,0.0,1.0,0.0,1,0.0,-0.09599857305646076,-0.2386146730983812,-0.3142903146692906,-2.516603031136721,1.0,0
376,0.0,1.0,3.0,1,0.0,0.5478012584512093,1.153269912925272,-0.19529577240514373,0.27962255901519123,1.0,1
377,0.0,1.0,0.0,1,0.0,-0.17899031334997428,-0.5540356092387769,-0.19529577240514373,0.27962255901519123,1.0,2
378,0.0,0.0,0.0,1,0.0,-0.3821318315043141,-0.5540356092387769,-0.8973635717636103,2.1437729524497993,1.0,0
379,0.0,1.0,2.0,1,0.0,-0.0020394824677491758,-0.5540356092387769,-0.19529577240514373,0.27962255901519123,1.0,0
380,0.0,1.0,0.0,1,1.0,-0.33891719750532484,0.3003006208273004,-0.2190946808579731,0.27962255901519123,1.0,2
381,0.0,0.0,0.0,1,0.0,0.08799100503014519,0.8921847610170787,1.7800136291796942,0.27962255901519123,1.0,2
382,1.0,0.0,0.0,1,0.0,0.09764882096173749,-0.5540356092387769,0.11409003748163812,0.27962255901519123,1.0,0
383,0.0,0.0,0.0,1,1.0,0.2886771462527243,-0.5540356092387769,-0.2190946808579731,0.27962255901519123,1.0,0
384,0.0,1.0,2.0,1,0.0,-0.13708521371459073,-0.5540356092387769,-0.5522793991975843,0.27962255901519123,1.0,0
385,0.0,0.0,1.0,1,1.0,-0.28424413782478536,-0.5540356092387769,-0.3975864942541934,-2.516603031136721,1.0,0
386,0.0,0.0,0.0,0,0.0,-0.5004809996151826,-0.007260421996487447,-0.17149686395231437,0.27962255901519123,1.0,2
387,0.0,1.0,0.0,0,0.0,-0.39178964743590644,0.5176437577561105,0.0,0.27962255901519123,0.0,0
388,0.0,1.0,0.0,1,0.0,-0.5026089929560419,0.27193665798910666,-0.12389904704665561,0.27962255901519123,1.0,0
389,0.0,1.0,0.0,1,0.0,0.013838621690970375,-0.5540356092387769,-0.25479304353721716,0.27962255901519123,1.0,1
390,0.0,0.0,3.0,1,0.0,0.6160607371541583,-0.5540356092387769,0.459174210047664,0.27962255901519123,1.0,1
391,0.0,1.0,3.0,1,0.0,0.67122487222105,-0.5540356092387769,1.530125090424986,0.27962255901519123,1.0,1
392,0.0,1.0,0.0,1,0.0,-0.4616860440933626,0.1687328413971245,-0.3142903146692906,0.27962255901519123,1.0,0
393,0.0,1.0,2.0,0,0.0,-0.5582642034092856,0.0012829403041733267,-0.3975864942541934,-2.516603031136721,1.0,2
394,0.0,1.0,2.0,1,0.0,-0.3770573858453419,-0.07560732040177363,-0.3975864942541934,0.27962255901519123,1.0,0
395,0.0,1.0,2.0,1,0.0,-0.3482476298460157,-0.3886361150979844,-0.1357985012730703,0.27962255901519123,1.0,2
396,1.0,0.0,0.0,1,0.0,-0.3639620422092845,-0.5540356092387769,-0.8973635717636103,0.27962255901519123,0.0,0
397,0.0,1.0,0.0,1,0.0,-0.38802473614053995,-0.055444985372214206,-0.6117766703296578,0.27962255901519123,1.0,0
398,0.0,0.0,0.0,0,0.0,-0.24577656589386684,0.015294054477256996,-0.44518431115985213,0.27962255901519123,1.0,1
399,1.0,0.0,0.0,1,0.0,-0.6389642585664891,0.06108647640879874,-0.5165810365183403,0.27962255901519123,0.0,2
400,0.0,1.0,2.0,0,0.0,-0.4115963546854432,-0.5540356092387769,-1.206749381650392,-2.516603031136721,0.0,0
401,0.0,0.0,0.0,0,0.0,-0.43353105527583924,-0.5540356092387769,-0.9687602971220983,-0.6524526377021128,1.0,1
402,0.0,0.0,0.0,1,0.0,-0.4752724631157721,6.280654231289843,-0.5165810365183403,0.27962255901519123,1.0,2
403,1.0,0.0,0.0,0,0.0,-0.5631749572728072,-0.5540356092387769,-1.1115537478390747,0.27962255901519123,1.0,2
404,1.0,0.0,0.0,1,1.0,0.3335286982062207,-0.5540356092387769,0.5662692980853962,0.27962255901519123,1.0,1
405,1.0,0.0,0.0,1,0.0,-0.14019535782815434,-0.5540356092387769,-0.373787585801364,0.27962255901519123,1.0,2
406,0.0,1.0,0.0,0,0.0,-0.5297818310008608,0.2661271716246573,-0.373787585801364,0.27962255901519123,1.0,0
407,1.0,0.0,0.0,0,0.0,-0.5222520084101279,-0.5540356092387769,-0.9568608428956836,0.27962255901519123,1.0,1
408,0.0,1.0,1.0,1,0.0,0.47413995049838664,-0.5540356092387769,0.06649222057597937,-0.6524526377021128,0.0,2
409,0.0,1.0,3.0,1,0.0,12.374533479765514,-0.5540356092387769,2.541578699670234,0.27962255901519123,0.0,1
410,1.0,0.0,1.0,0,1.0,-0.2515057787346419,-0.5540356092387769,-1.0044586598013423,0.27962255901519123,1.0,2
411,0.0,1.0,0.0,1,1.0,0.13955392059712105,-0.5540356092387769,0.16168785438729685,0.27962255901519123,1.0,0
412,0.0,1.0,0.0,0,0.0,0.11336323332500634,-0.5540356092387769,0.8518561995193487,0.27962255901519123,0.0,1
413,0.0,1.0,0.0,0,0.0,-0.5157043365920992,0.14071061305095714,-0.43328485693343743,0.27962255901519123,1.0,1
414,1.0,1.0,0.0,0,0.0,-0.5327282833189738,0.55215894145078,0.3758780304627612,0.27962255901519123,0.0,2
415,1.0,0.0,0.0,1,0.0,-0.3942450243676672,-0.5540356092387769,-1.0282575682541717,0.27962255901519123,1.0,0
416,1.0,0.0,1.0,1,0.0,-0.4589032835707004,-0.5540356092387769,0.16168785438729685,0.27962255901519123,1.0,0
417,0.0,1.0,2.0,1,1.0,-0.6225950790214174,6.280654231289843,1.101744738274057,0.27962255901519123,1.0,0
418,0.0,1.0,0.0,1,0.0,-0.7167178614055797,0.39359413715051605,-0.4094859484806081,0.27962255901519123,1.0,1
419,0.0,1.0,0.0,1,0.0,-0.3531583837095372,-0.06979783403732431,-0.10010013859382624,0.27962255901519123,1.0,2
420,0.0,1.0,0.0,1,0.0,0.06965752393966489,-0.5540356092387769,-0.10010013859382624,0.27962255901519123,1.0,1
421,1.0,0.0,0.0,0,0.0,-0.43926026811661434,-0.5540356092387769,-0.7902684837258781,0.0,0.0,0
422,0.0,1.0,0.0,1,0.0,-0.5865828840222597,0.033405982554657834,-0.5522793991975843,0.27962255901519123,1.0,0
423,0.0,1.0,1.0,1,0.0,0.30226356527513376,0.015635788969283426,-0.43328485693343743,0.0,0.0,0
424,0.0,1.0,0.0,1,0.0,1.5512319645641046,-0.5540356092387769,-0.5998772161032431,0.27962255901519123,1.0,2
425,0.0,1.0,0.0,1,0.0,-0.4480996250709531,0.915422706474876,-0.3023908604428759,0.27962255901519123,1.0,1
426,1.0,0.0,1.0,0,0.0,-0.13053754189656205,-0.5540356092387769,-0.7783690294994634,0.27962255901519123,1.0,1
427,0.0,1.0,2.0,1,0.0,0.08700885425744088,-0.5540356092387769,-0.15959740972589967,0.27962255901519123,1.0,2
428,0.0,1.0,0.0,1,0.0,-0.40652190902647095,-0.5485268489402538,-0.7069723041409752,0.27962255901519123,1.0,1
429,0.0,0.0,0.0,0,0.0,-0.4397513435029665,-0.5540356092387769,-1.0282575682541717,-2.516603031136721,1.0,0
430,1.0,0.0,1.0,1,1.0,0.527176092224419,-0.5540356092387769,0.04269331212315,0.27962255901519123,1.0,2
431,0.0,0.0,0.0,1,0.0,0.17949471868709602,-0.5540356092387769,-0.4927821280655109,0.27962255901519123,0.0,1
432,0.0,0.0,0.0,1,1.0,1.2231936064808677,-0.5540356092387769,3.0770541398588946,0.27962255901519123,1.0,2
433,0.0,1.0,0.0,1,0.0,-0.48754934777457587,0.24562310210307145,-0.040602867461752803,0.27962255901519123,1.0,2
434,0.0,0.0,0.0,1,0.0,-0.2706577188023758,-0.5540356092387769,-0.5522793991975843,0.27962255901519123,1.0,0
435,1.0,1.0,1.0,1,0.0,0.7601095171507893,-0.5540356092387769,0.0,-1.584527834419417,1.0,2
436,0.0,0.0,0.0,1,0.0,-0.5692315537044836,0.07851493550214672,-1.1472521105183187,0.27962255901519123,1.0,2
437,0.0,1.0,0.0,1,0.0,-0.5222520084101279,-0.16958430570904215,0.0,0.27962255901519123,1.0,0
438,0.0,0.0,0.0,1,1.0,0.8205117896721039,-0.5540356092387769,0.4829731185004934,0.27962255901519123,0.0,0
439,1.0,1.0,0.0,0,1.0,0.28458485136645634,-0.5540356092387769,-0.10010013859382624,0.27962255901519123,1.0,1
440,0.0,0.0,0.0,1,0.0,-0.28538998039294033,1.1765078583830693,0.4829731185004934,0.27962255901519123,1.0,2
441,0.0,1.0,0.0,1,0.0,0.40882692411355054,0.07236371464567096,0.3996769389155906,0.27962255901519123,1.0,1
442,0.0,0.0,3.0,0,0.0,-0.11400467055603962,0.12704123336989992,0.018894403670320626,0.27962255901519123,1.0,2
443,0.0,0.0,1.0,1,0.0,5.289788880863031,-0.5540356092387769,0.06649222057597937,0.27962255901519123,1.0,2
444,0.0,1.0,0.0,1,0.0,0.3158499842975433,2.293637912817472,0.34017966778351716,-0.6524526377021128,1.0,1
445,0.0,1.0,1.0,1,1.0,-0.3171461887103795,-0.1405368738867955,-0.19529577240514373,0.27962255901519123,1.0,1
446,0.0,1.0,2.0,0,0.0,-0.12300771930582906,-0.5540356092387769,-0.43328485693343743,0.27962255901519123,1.0,1
447,0.0,1.0,0.0,1,1.0,-0.3051966876424771,-0.08380894821040798,-1.0877548393862453,0.27962255901519123,1.0,1
448,0.0,1.0,2.0,1,0.0,-0.3377713549371698,0.030330372126419956,0.04269331212315,0.27962255901519123,0.0,1
449,0.0,0.0,1.0,0,1.0,-0.43123937013952923,-0.027081022534020442,0.5186714811797375,0.27962255901519123,1.0,2
450,0.0,1.0,2.0,0,0.0,-0.5065375960468591,-0.1251588217456061,-0.25479304353721716,0.27962255901519123,0.0,1
451,0.0,1.0,2.0,0,0.0,-0.5639934162500607,-0.0564701888482935,-1.0282575682541717,-0.6524526377021128,1.0,0
452,0.0,1.0,0.0,1,0.0,-0.23824674330313383,0.038190265443027865,0.030793857896735312,0.27962255901519123,0.0,1
453,0.0,1.0,0.0,1,0.0,-0.4780552236384343,0.28868164809840174,-0.6712739414617311,-2.516603031136721,0.0,1
454,0.0,0.0,0.0,1,1.0,0.2752544190257655,-0.5540356092387769,-0.7426706668202193,0.27962255901519123,1.0,2
455,0.0,1.0,2.0,1,0.0,-0.2528153130982477,-0.5540356092387769,-0.5998772161032431,0.27962255901519123,1.0,2
456,0.0,1.0,0.0,1,0.0,-0.18046353950903074,-0.5540356092387769,-0.33808922312212,0.27962255901519123,1.0,0
457,0.0,1.0,0.0,1,0.0,-0.27753277421130595,0.32388030077712415,0.31638075933068777,0.27962255901519123,1.0,0
458,0.0,0.0,2.0,1,0.0,-0.17178787435014273,-0.5540356092387769,-0.12389904704665561,0.27962255901519123,1.0,1
459,0.0,1.0,0.0,1,0.0,0.479705471543711,-0.5540356092387769,0.16168785438729685,0.27962255901519123,1.0,2
460,1.0,1.0,0.0,1,1.0,-0.5435319418187211,0.8412663217051405,0.16168785438729685,0.27962255901519123,1.0,2
461,0.0,1.0,3.0,1,0.0,0.3824725450459851,-0.5540356092387769,-0.2190946808579731,-2.516603031136721,1.0,0
462,0.0,1.0,0.0,1,0.0,-0.3909711884586528,0.19367945931505395,0.07839167480239406,0.27962255901519123,1.0,1
463,1.0,0.0,1.0,0,1.0,-0.03477784155789258,-0.5540356092387769,-0.17149686395231437,0.27962255901519123,1.0,2
464,0.0,0.0,0.0,1,0.0,-0.20256193189487753,-0.5540356092387769,-0.5760783076504137,0.27962255901519123,0.0,2
465,0.0,0.0,0.0,1,0.0,0.09764882096173749,-0.5540356092387769,-0.07630123014099686,0.27962255901519123,1.0,1
466,0.0,1.0,3.0,0,0.0,-0.4021022305493016,0.014610585493204133,-0.909263025990025,-2.516603031136721,0.0,0
467,1.0,1.0,0.0,1,0.0,1.8478414979208038,-0.5540356092387769,-0.43328485693343743,0.27962255901519123,1.0,2
468,1.0,1.0,2.0,0,1.0,-0.8501266746979141,0.4428039040023221,-0.5760783076504137,0.27962255901519123,1.0,2
469,0.0,1.0,0.0,1,0.0,-0.1752254020546078,0.28355563071800527,-0.43328485693343743,0.27962255901519123,1.0,0
470,0.0,1.0,1.0,1,1.0,-0.31976525743759093,0.15643039968417297,0.18548676284012625,0.27962255901519123,1.0,2
471,0.0,1.0,1.0,0,0.0,-0.4502276184118124,-0.04143387119913054,-0.3975864942541934,-2.516603031136721,0.0,1
472,0.0,1.0,3.0,1,0.0,-0.1166237392832511,-0.5540356092387769,-0.5522793991975843,0.27962255901519123,1.0,2
473,1.0,0.0,0.0,1,1.0,-0.4752724631157721,-0.5540356092387769,-0.6355755787824872,0.27962255901519123,1.0,0
474,0.0,0.0,2.0,1,0.0,0.021041060690801926,1.034346309700074,0.18548676284012625,0.27962255901519123,1.0,1
475,0.0,1.0,2.0,1,1.0,1.820504968080534,-0.20751683432397597,0.04269331212315,0.27962255901519123,1.0,1
476,0.0,1.0,2.0,1,0.0,0.2122330777772394,0.04399975180747719,0.9946496502363249,-0.6524526377021128,1.0,2
477,1.0,1.0,2.0,1,0.0,-0.41421542341265466,0.08569135983470177,-0.17149686395231437,0.27962255901519123,0.0,2
478,0.0,1.0,1.0,1,1.0,1.843749203034536,0.21486699782069266,-0.7188717583673899,0.27962255901519123,1.0,2
479,0.0,1.0,2.0,1,0.0,-0.4021022305493016,-0.006235218520408154,0.0,0.27962255901519123,1.0,0
480,1.0,0.0,0.0,0,0.0,-0.1724426415319456,-0.5540356092387769,0.09029112902880874,0.27962255901519123,1.0,1
481,0.0,1.0,3.0,0,0.0,-0.37787584482259545,-0.5540356092387769,-0.3975864942541934,0.27962255901519123,1.0,1
482,0.0,1.0,0.0,1,0.0,-0.5435319418187211,0.5224280406444806,-0.2190946808579731,0.27962255901519123,1.0,2
483,0.0,1.0,0.0,1,0.0,0.8887712683750529,-0.5540356092387769,1.0422474671419837,0.27962255901519123,1.0,2
484,0.0,1.0,2.0,1,0.0,0.47954177974826034,-0.5540356092387769,1.1850409178589598,0.27962255901519123,1.0,2
485,0.0,1.0,1.0,0,0.0,-0.5639934162500607,0.2784296133376088,-0.18339631817872903,0.27962255901519123,1.0,1
486,0.0,0.0,2.0,1,0.0,-0.3038871532788714,-0.5540356092387769,-0.7902684837258781,0.27962255901519123,0.0,1
487,0.0,1.0,1.0,1,0.0,2.1164597342554305,-0.5540356092387769,4.20750229136829,0.27962255901519123,1.0,0
488,0.0,1.0,2.0,1,1.0,-0.13430245319192854,0.15779733765227869,0.16168785438729685,0.27962255901519123,1.0,2
489,0.0,0.0,0.0,1,0.0,-0.4859124298200687,-0.5540356092387769,-0.8497657548579515,0.27962255901519123,1.0,0
490,0.0,0.0,0.0,0,0.0,-0.44269779582107943,0.3976949510548332,-0.5998772161032431,0.27962255901519123,1.0,2
491,0.0,1.0,1.0,0,0.0,-0.011533606603890764,-0.16753389875688357,0.4710736642740787,0.27962255901519123,1.0,0
492,0.0,0.0,0.0,0,0.0,-0.28031553473396814,-0.5540356092387769,-0.43328485693343743,0.27962255901519123,1.0,1
493,1.0,0.0,0.0,0,1.0,1.9413095131231632,-0.5540356092387769,0.9351523791042515,0.27962255901519123,1.0,2
494,0.0,1.0,0.0,1,0.0,-0.2957025635063355,0.18308569006223457,-0.3261897688957053,0.27962255901519123,0.0,1
495,1.0,1.0,1.0,1,0.0,-0.3400630400734798,-0.2420320180186455,-0.4927821280655109,-4.007923345884407,1.0,2
496,0.0,1.0,0.0,0,0.0,-0.4589032835707004,0.026913027206155647,-0.4689832196126815,0.27962255901519123,1.0,1
497,0.0,1.0,0.0,1,0.0,-0.12742739778299841,0.42229983448073627,-0.4213854027070228,-5.126413581945172,1.0,0
498,0.0,1.0,1.0,1,1.0,-0.4106142039127389,-0.5540356092387769,-0.6117766703296578,0.27962255901519123,1.0,2
499,0.0,0.0,0.0,1,0.0,0.14397359907429041,0.955063907549942,0.7447611114816165,0.27962255901519123,0.0,1
500,1.0,0.0,0.0,1,0.0,-0.7789207436768522,0.7045725248945681,-0.3975864942541934,2.1437729524497993,1.0,1
501,1.0,0.0,0.0,1,0.0,-0.36739956991374956,-0.5540356092387769,-0.5522793991975843,0.27962255901519123,1.0,2
502,0.0,1.0,2.0,1,0.0,-0.08814136687482634,1.3678791739178706,0.7328616572552018,0.27962255901519123,1.0,2
503,0.0,1.0,1.0,0,0.0,-0.22155018016716072,1.2578406674853597,-0.10010013859382624,0.27962255901519123,1.0,1
504,0.0,1.0,0.0,0,0.0,-0.26018144389352993,-0.04724335756357987,-0.26669249776363185,-0.6524526377021128,1.0,2
505,0.0,1.0,2.0,1,0.0,-0.3099437497105479,0.955063907549942,1.1493425551797158,0.27962255901519123,1.0,1
506,0.0,1.0,0.0,1,0.0,2.525689222882223,1.724308249101438,3.9695132068399963,0.27962255901519123,1.0,0
507,1.0,0.0,0.0,1,0.0,-0.29799424864264557,-0.5540356092387769,-0.5998772161032431,0.27962255901519123,1.0,0
508,0.0,1.0,0.0,1,1.0,-0.4787099908202372,0.4756104152368595,0.4948725727269081,0.27962255901519123,1.0,0
509,1.0,0.0,1.0,1,0.0,1.2863786395248447,-0.5540356092387769,-1.2662466527824654,0.27962255901519123,1.0,0
510,0.0,0.0,0.0,0,0.0,-0.29553887171088483,-0.11422331800076033,-0.5522793991975843,0.27962255901519123,1.0,1
511,0.0,1.0,1.0,1,0.0,0.1082887876660341,0.13080031278219065,1.2326387347646186,0.27962255901519123,1.0,2
512,0.0,1.0,2.0,1,0.0,-0.3471017872778607,0.14139408203501,0.018894403670320626,0.27962255901519123,1.0,0
513,0.0,1.0,0.0,1,0.0,-0.5358384274325374,1.7239665146094116,-0.909263025990025,-2.516603031136721,1.0,2
514,0.0,0.0,0.0,1,0.0,0.06736583880335484,0.6987630385301189,1.9585054425759145,0.27962255901519123,1.0,1
515,0.0,1.0,3.0,1,0.0,-0.3171461887103795,0.6174302294278283,0.04269331212315,0.27962255901519123,1.0,1
516,1.0,1.0,2.0,1,0.0,-0.5520439151821583,0.0036750817483583434,-0.3975864942541934,2.1437729524497993,1.0,2
517,0.0,1.0,1.0,0,0.0,-0.38131337252706055,0.06108647640879874,-0.27859195199004655,0.27962255901519123,0.0,2
518,0.0,0.0,0.0,1,0.0,-0.11793327364685684,0.1003859429918383,0.459174210047664,0.27962255901519123,1.0,2
519,1.0,0.0,0.0,0,0.0,-0.32794984721012677,-0.5540356092387769,-0.6117766703296578,0.27962255901519123,1.0,1
520,0.0,1.0,2.0,0,0.0,-0.5256895361145929,0.04126587587126575,-1.206749381650392,0.27962255901519123,1.0,2
521,0.0,0.0,0.0,1,0.0,-0.4752724631157721,-0.5540356092387769,-1.0877548393862453,0.27962255901519123,1.0,2
522,0.0,1.0,3.0,1,1.0,0.04477637103115589,-0.06740569259313929,-0.5522793991975843,0.27962255901519123,1.0,1
523,0.0,1.0,2.0,1,1.0,0.41652043849973425,1.894833760622627,3.9695132068399963,0.27962255901519123,1.0,1
524,0.0,0.0,0.0,1,0.0,-0.11842434903320899,0.15916427562038443,0.0,0.27962255901519123,1.0,2
525,0.0,1.0,2.0,1,1.0,1.9801044686449831,-0.5540356092387769,3.0175568687268215,0.27962255901519123,1.0,1
526,0.0,1.0,0.0,1,0.0,-0.2665654239161079,-0.5540356092387769,-0.43328485693343743,0.27962255901519123,1.0,2
527,0.0,1.0,1.0,0,0.0,-0.01939081278552518,-0.06535528564098071,0.17358730861371155,0.27962255901519123,0.0,2
528,0.0,0.0,1.0,0,0.0,-0.44597163173009374,-0.10909730062036387,-0.6236761245560725,0.27962255901519123,1.0,2
529,0.0,0.0,0.0,0,0.0,0.22581949679964894,-0.5540356092387769,-0.19529577240514373,0.27962255901519123,1.0,2
530,0.0,1.0,0.0,1,0.0,-0.7167178614055797,1.3255040969065932,0.8280572910665193,0.27962255901519123,1.0,1
531,0.0,1.0,3.0,1,0.0,-0.18373737541804508,-0.5540356092387769,-0.5522793991975843,0.27962255901519123,1.0,0
532,0.0,0.0,2.0,1,0.0,-0.297175789665392,-0.5540356092387769,-0.43328485693343743,0.27962255901519123,0.0,1
533,0.0,0.0,1.0,1,0.0,0.9570307470780018,-0.5540356092387769,0.5900682065382256,0.27962255901519123,1.0,2
534,1.0,0.0,0.0,0,1.0,2.08895951261971,-0.5540356092387769,-0.25479304353721716,0.27962255901519123,1.0,0
535,0.0,0.0,0.0,0,1.0,-0.46708787334323626,0.14378622347919504,-0.2428935893108025,0.27962255901519123,1.0,1
536,0.0,1.0,0.0,1,0.0,0.11941982975668286,0.7807793166164623,2.1131983475193055,0.27962255901519123,1.0,0
537,0.0,0.0,2.0,1,0.0,-0.2924287275973212,-0.5540356092387769,-0.4689832196126815,0.27962255901519123,1.0,2
538,0.0,1.0,0.0,0,0.0,-0.4070129844128231,-0.37086592151260994,-0.9568608428956836,0.27962255901519123,1.0,1
539,0.0,1.0,3.0,1,0.0,0.16590829966468648,-0.5540356092387769,0.1259894917080528,-2.516603031136721,1.0,1
540,1.0,1.0,1.0,1,0.0,-0.1302101583056606,0.41819902057641906,-0.07630123014099686,-2.516603031136721,1.0,2
541,1.0,0.0,0.0,1,0.0,-0.5345288930689317,-0.5540356092387769,-0.564178853423999,0.27962255901519123,0.0,2
542,1.0,0.0,1.0,1,1.0,-0.2866995147565461,-0.5540356092387769,-0.6117766703296578,0.27962255901519123,1.0,2
543,0.0,1.0,1.0,0,0.0,-0.5179960217284092,0.30850224863593473,-0.2190946808579731,0.27962255901519123,1.0,0
544,1.0,1.0,0.0,0,0.0,-0.3906438048677514,-0.3274656410252532,-0.5284804907447549,0.27962255901519123,1.0,2
545,0.0,1.0,0.0,1,0.0,-0.43140306193497996,0.11234665021276338,0.10219058325522343,0.27962255901519123,1.0,1
546,0.0,0.0,0.0,0,0.0,-0.3348249026190569,-0.5540356092387769,-0.7902684837258781,-4.753583503258251,1.0,2
547,0.0,0.0,0.0,1,0.0,-0.4710164764340535,0.05527699004434942,-0.01680395900892343,0.27962255901519123,1.0,1
548,1.0,0.0,0.0,1,0.0,-0.06604297448897953,-0.5540356092387769,-0.5165810365183403,0.27962255901519123,0.0,2
549,0.0,1.0,0.0,1,0.0,-0.4286203014123178,0.13490112668650783,-0.43328485693343743,0.27962255901519123,1.0,1
550,0.0,1.0,2.0,1,1.0,0.20126572748204138,-0.5540356092387769,0.0,0.27962255901519123,0.0,1
551,0.0,1.0,1.0,0,0.0,-0.47658199747937785,0.25758380932399655,0.0,0.27962255901519123,1.0,1
552,0.0,1.0,1.0,1,0.0,-0.33891719750532484,0.5566014898471237,0.1378889459344675,0.27962255901519123,1.0,0
553,0.0,1.0,0.0,0,0.0,-0.4828022857065051,0.24323096065888644,0.4115763931420053,0.27962255901519123,0.0,0
554,0.0,1.0,0.0,1,0.0,-0.2963573306881384,0.9038037337459773,-0.17149686395231437,-2.516603031136721,0.0,1
555,0.0,1.0,1.0,1,0.0,0.010564785781956035,-0.20136561346750023,-1.4328390119522711,0.27962255901519123,1.0,2
556,1.0,0.0,0.0,1,0.0,-0.44793593327550235,0.0012829403041733267,-0.7426706668202193,0.27962255901519123,1.0,0
557,0.0,1.0,3.0,1,1.0,0.7751691623322553,-0.5540356092387769,1.3516332770287656,0.27962255901519123,1.0,2
558,0.0,1.0,0.0,1,0.0,-0.24823194282562758,0.35805374997976724,0.18548676284012625,0.27962255901519123,1.0,2
559,1.0,1.0,0.0,1,0.0,-0.2002702467585675,0.2340041293741728,0.42347584736842,0.27962255901519123,1.0,2
560,0.0,1.0,2.0,0,0.0,-0.2829346034611796,-0.47133586216838064,-0.4570837653862668,0.27962255901519123,1.0,2
561,1.0,1.0,1.0,1,1.0,2.3048689908192057,-0.5540356092387769,5.3974477140097585,0.27962255901519123,1.0,2
562,0.0,1.0,0.0,1,0.0,0.08504455271203229,0.1478870373835122,0.7685600199344459,0.27962255901519123,1.0,1
563,0.0,0.0,0.0,0,1.0,0.06491046187159409,-0.5540356092387769,-0.17149686395231437,0.27962255901519123,1.0,2
564,0.0,1.0,2.0,1,0.0,0.5558221564282945,-0.5540356092387769,1.3278343685759362,0.27962255901519123,0.0,0
565,0.0,1.0,0.0,0,0.0,-0.1532907014642117,-0.5540356092387769,-0.3142903146692906,0.27962255901519123,1.0,1
566,0.0,0.0,0.0,1,0.0,-0.33891719750532484,-0.5540356092387769,-0.909263025990025,0.27962255901519123,1.0,0
567,0.0,1.0,3.0,1,0.0,-0.32794984721012677,0.3003006208273004,-0.27859195199004655,0.27962255901519123,0.0,1
568,1.0,0.0,0.0,1,0.0,-0.4952428621607596,-0.5540356092387769,-1.6351297338013209,0.27962255901519123,1.0,0
569,0.0,1.0,0.0,1,0.0,-0.3662537273455946,0.15130438230377652,-0.5046815822919256,0.27962255901519123,0.0,0
570,0.0,1.0,1.0,1,0.0,-0.3251670866874646,0.04399975180747719,0.4710736642740787,0.27962255901519123,1.0,0
571,0.0,1.0,1.0,1,0.0,-0.04705472621669636,-0.05817886130842566,0.2211851255193703,0.27962255901519123,0.0,0
572,0.0,1.0,2.0,1,0.0,1.843585511239085,-0.5540356092387769,1.530125090424986,0.27962255901519123,1.0,0
573,0.0,1.0,2.0,0,0.0,0.11811029539307712,0.0012829403041733267,0.4829731185004934,2.1437729524497993,1.0,2
574,0.0,1.0,3.0,1,0.0,0.1641076899147286,-0.5540356092387769,0.04269331212315,0.27962255901519123,1.0,2
575,0.0,1.0,2.0,1,0.0,-0.36739956991374956,-0.39649600841459226,-0.4570837653862668,-4.007923345884407,1.0,0
576,1.0,1.0,0.0,1,0.0,-0.3791853791862012,0.20119761813963544,-0.12389904704665561,0.27962255901519123,0.0,2
577,0.0,0.0,0.0,1,0.0,-0.3559411442321994,0.3819751644216174,-0.43328485693343743,0.27962255901519123,1.0,0
578,0.0,1.0,1.0,1,0.0,-0.592803172249387,0.20871577696421692,-0.4689832196126815,0.27962255901519123,1.0,1
579,0.0,0.0,0.0,1,1.0,-0.36363465861838307,0.4428039040023221,0.17358730861371155,0.27962255901519123,1.0,0
580,0.0,1.0,2.0,1,0.0,0.1860423905051247,-0.5540356092387769,0.6971632945759577,0.27962255901519123,1.0,2
581,0.0,0.0,0.0,1,0.0,-0.5839638152950483,11.009234397459567,-0.6712739414617311,0.27962255901519123,1.0,0
582,1.0,1.0,0.0,1,0.0,-0.3662537273455946,-0.5540356092387769,-1.3138444696881242,0.27962255901519123,1.0,2
583,0.0,1.0,1.0,1,0.0,-0.5767613762952166,-0.5540356092387769,-1.016358114027757,0.27962255901519123,1.0,1
584,0.0,1.0,1.0,1,0.0,-0.4282929178214163,0.10106941197589116,-0.004904504782508747,0.27962255901519123,0.0,1
585,0.0,1.0,1.0,1,0.0,-0.18340999182714365,0.47116786684051587,0.3044813051042731,-4.007923345884407,1.0,1
586,0.0,1.0,0.0,1,0.0,-0.5085018975922677,-0.03391571237454906,-0.5046815822919256,0.27962255901519123,1.0,0
587,1.0,0.0,0.0,0,0.0,-0.5301092145917623,-0.5540356092387769,-0.909263025990025,0.27962255901519123,1.0,2
588,1.0,0.0,0.0,1,0.0,-0.10696592335165879,-0.5540356092387769,-0.6236761245560725,0.27962255901519123,1.0,2
589,0.0,1.0,2.0,1,1.0,-0.43827811734391003,-0.5540356092387769,-0.4808826738390962,0.27962255901519123,0.0,2
590,0.0,1.0,0.0,1,0.0,-0.3934265653904136,0.6133294155235112,-1.0758553851598305,-2.516603031136721,1.0,2
591,0.0,1.0,2.0,1,1.0,0.09764882096173749,-0.5540356092387769,0.6971632945759577,-1.584527834419417,1.0,2
592,1.0,0.0,3.0,1,1.0,0.6471621782897946,-0.5540356092387769,1.7324158122740354,0.27962255901519123,1.0,2
593,0.0,1.0,0.0,1,0.0,-0.2528153130982477,0.5736882144484452,-0.05250232168816749,-2.516603031136721,1.0,1
594,0.0,1.0,0.0,1,1.0,1.7542097909229937,-0.5540356092387769,1.3516332770287656,0.27962255901519123,1.0,0
595,0.0,0.0,0.0,0,0.0,-0.2570712997799663,-0.5540356092387769,-0.43328485693343743,0.27962255901519123,1.0,1
596,0.0,1.0,2.0,0,1.0,0.1603427786193621,-0.212301117212346,0.4829731185004934,0.27962255901519123,1.0,1
597,0.0,0.0,1.0,1,0.0,-0.39555455873127293,-0.5540356092387769,-0.6950728499145605,0.27962255901519123,0.0,2
598,0.0,1.0,0.0,1,1.0,0.7463594063329291,-0.5540356092387769,0.3996769389155906,0.27962255901519123,1.0,1
599,0.0,1.0,2.0,1,0.0,0.061636625962579746,-0.5540356092387769,0.5424703896325668,0.27962255901519123,1.0,0
600,1.0,0.0,3.0,1,1.0,-0.8164061648350663,13.68501547002652,2.4225841574060873,-2.516603031136721,1.0,0
601,0.0,1.0,0.0,0,1.0,-0.4107778957081896,0.40008709249901825,0.10219058325522343,0.27962255901519123,1.0,1
602,0.0,1.0,3.0,1,0.0,0.049032357712874536,-0.5540356092387769,-0.2190946808579731,0.27962255901519123,1.0,0
603,0.0,0.0,0.0,1,0.0,-0.2827709116657289,0.9157644409669025,0.3044813051042731,0.27962255901519123,1.0,1
604,1.0,1.0,1.0,1,0.0,1.0797995936660396,-0.5540356092387769,4.159904474462631,0.27962255901519123,1.0,2
605,0.0,1.0,0.0,0,0.0,-0.4916416426608438,0.7445554604616605,0.0,-2.516603031136721,1.0,0
606,0.0,1.0,1.0,1,0.0,-0.32794984721012677,0.3003006208273004,0.31638075933068777,0.27962255901519123,1.0,2
607,0.0,1.0,2.0,0,0.0,-0.23186276328055588,-0.07184824098948289,0.1259894917080528,0.27962255901519123,1.0,1
608,0.0,1.0,0.0,1,0.0,-0.35545006884584723,0.11234665021276338,-0.4570837653862668,0.27962255901519123,1.0,1
609,1.0,0.0,0.0,1,0.0,-0.4097957449354853,-0.5540356092387769,-0.8973635717636103,0.27962255901519123,1.0,1
610,0.0,1.0,3.0,1,0.0,-0.21238343962192055,-0.5540356092387769,-1.2662466527824654,-2.516603031136721,1.0,1
611,0.0,1.0,1.0,1,0.0,0.4368182211356232,-0.47201933115243355,1.2683370974438628,0.27962255901519123,1.0,0
612,0.0,1.0,2.0,1,0.0,0.35677293316022257,-0.5540356092387769,0.4829731185004934,0.27962255901519123,1.0,0
613,1.0,0.0,0.0,1,1.0,-0.13430245319192854,-0.5540356092387769,-0.15959740972589967,0.27962255901519123,0.0,2
